Column1,Column2,Column3,Column4,Column5,Column6,Column7,Column8,Column9,Column10,Column11,Column12,Column13,Column14,Column15,Column16,Column17,Column18,Column19,Column20,Column21,Column22,Column23,Column24,Column25,Column26,Column27,Column28,Column29,Column30,Column31,Column32,Column33,Column34,Column35,Column36,Column37,Column38,Column39,Column40,Column41,Column42,Column43,Column44,Column45,Column46,Column47,Column48,Column49,Column50
R1C1,R1C2,R1C3,R1C4,R1C5,R1C6,R1C7,R1C8,R1C9,R1C10,R1C11,R1C12,R1C13,R1C14,R1C15,R1C16,R1C17,R1C18,R1C19,R1C20,R1C21,R1C22,R1C23,R1C24,R1C25,R1C26,R1C27,R1C28,R1C29,R1C30,R1C31,R1C32,R1C33,R1C34,R1C35,R1C36,R1C37,R1C38,R1C39,R1C40,R1C41,R1C42,R1C43,R1C44,R1C45,R1C46,R1C47,R1C48,R1C49,R1C50
R2C1,R2C2,R2C3,R2C4,R2C5,R2C6,R2C7,R2C8,R2C9,R2C10,R2C11,R2C12,R2C13,R2C14,R2C15,R2C16,R2C17,R2C18,R2C19,R2C20,R2C21,R2C22,R2C23,R2C24,R2C25,R2C26,R2C27,R2C28,R2C29,R2C30,R2C31,R2C32,R2C33,R2C34,R2C35,R2C36,R2C37,R2C38,R2C39,R2C40,R2C41,R2C42,R2C43,R2C44,R2C45,R2C46,R2C47,R2C48,R2C49,R2C50
R3C1,R3C2,R3C3,R3C4,R3C5,R3C6,R3C7,R3C8,R3C9,R3C10,R3C11,R3C12,R3C13,R3C14,R3C15,R3C16,R3C17,R3C18,R3C19,R3C20,R3C21,R3C22,R3C23,R3C24,R3C25,R3C26,R3C27,R3C28,R3C29,R3C30,R3C31,R3C32,R3C33,R3C34,R3C35,R3C36,R3C37,R3C38,R3C39,R3C40,R3C41,R3C42,R3C43,R3C44,R3C45,R3C46,R3C47,R3C48,R3C49,R3C50
R4C1,R4C2,R4C3,R4C4,R4C5,R4C6,R4C7,R4C8,R4C9,R4C10,R4C11,R4C12,R4C13,R4C14,R4C15,R4C16,R4C17,R4C18,R4C19,R4C20,R4C21,R4C22,R4C23,R4C24,R4C25,R4C26,R4C27,R4C28,R4C29,R4C30,R4C31,R4C32,R4C33,R4C34,R4C35,R4C36,R4C37,R4C38,R4C39,R4C40,R4C41,R4C42,R4C43,R4C44,R4C45,R4C46,R4C47,R4C48,R4C49,R4C50
R5C1,R5C2,R5C3,R5C4,R5C5,R5C6,R5C7,R5C8,R5C9,R5C10,R5C11,R5C12,R5C13,R5C14,R5C15,R5C16,R5C17,R5C18,R5C19,R5C20,R5C21,R5C22,R5C23,R5C24,R5C25,R5C26,R5C27,R5C28,R5C29,R5C30,R5C31,R5C32,R5C33,R5C34,R5C35,R5C36,R5C37,R5C38,R5C39,R5C40,R5C41,R5C42,R5C43,R5C44,R5C45,R5C46,R5C47,R5C48,R5C49,R5C50
R6C1,R6C2,R6C3,R6C4,R6C5,R6C6,R6C7,R6C8,R6C9,R6C10,R6C11,R6C12,R6C13,R6C14,R6C15,R6C16,R6C17,R6C18,R6C19,R6C20,R6C21,R6C22,R6C23,R6C24,R6C25,R6C26,R6C27,R6C28,R6C29,R6C30,R6C31,R6C32,R6C33,R6C34,R6C35,R6C36,R6C37,R6C38,R6C39,R6C40,R6C41,R6C42,R6C43,R6C44,R6C45,R6C46,R6C47,R6C48,R6C49,R6C50
R7C1,R7C2,R7C3,R7C4,R7C5,R7C6,R7C7,R7C8,R7C9,R7C10,R7C11,R7C12,R7C13,R7C14,R7C15,R7C16,R7C17,R7C18,R7C19,R7C20,R7C21,R7C22,R7C23,R7C24,R7C25,R7C26,R7C27,R7C28,R7C29,R7C30,R7C31,R7C32,R7C33,R7C34,R7C35,R7C36,R7C37,R7C38,R7C39,R7C40,R7C41,R7C42,R7C43,R7C44,R7C45,R7C46,R7C47,R7C48,R7C49,R7C50
R8C1,R8C2,R8C3,R8C4,R8C5,R8C6,R8C7,R8C8,R8C9,R8C10,R8C11,R8C12,R8C13,R8C14,R8C15,R8C16,R8C17,R8C18,R8C19,R8C20,R8C21,R8C22,R8C23,R8C24,R8C25,R8C26,R8C27,R8C28,R8C29,R8C30,R8C31,R8C32,R8C33,R8C34,R8C35,R8C36,R8C37,R8C38,R8C39,R8C40,R8C41,R8C42,R8C43,R8C44,R8C45,R8C46,R8C47,R8C48,R8C49,R8C50
R9C1,R9C2,R9C3,R9C4,R9C5,R9C6,R9C7,R9C8,R9C9,R9C10,R9C11,R9C12,R9C13,R9C14,R9C15,R9C16,R9C17,R9C18,R9C19,R9C20,R9C21,R9C22,R9C23,R9C24,R9C25,R9C26,R9C27,R9C28,R9C29,R9C30,R9C31,R9C32,R9C33,R9C34,R9C35,R9C36,R9C37,R9C38,R9C39,R9C40,R9C41,R9C42,R9C43,R9C44,R9C45,R9C46,R9C47,R9C48,R9C49,R9C50
R10C1,R10C2,R10C3,R10C4,R10C5,R10C6,R10C7,R10C8,R10C9,R10C10,R10C11,R10C12,R10C13,R10C14,R10C15,R10C16,R10C17,R10C18,R10C19,R10C20,R10C21,R10C22,R10C23,R10C24,R10C25,R10C26,R10C27,R10C28,R10C29,R10C30,R10C31,R10C32,R10C33,R10C34,R10C35,R10C36,R10C37,R10C38,R10C39,R10C40,R10C41,R10C42,R10C43,R10C44,R10C45,R10C46,R10C47,R10C48,R10C49,R10C50
